name,surname,age,salary
Savannah,Potts,60,7020
Nissim,Duke,48,7365
Maia,Key,34,5477
Daniel,Prince,54,2525
Claire,Pitts,52,5514
Armando,Durham,52,8935
Aristotle,Lester,32,9988
Carolyn,Campos,67,4375
Quemby,Sawyer,62,1435
Michelle,Spence,58,4387
Dane,Huff,70,7531
Basil,Mcconnell,63,5528
Stone,Lindsay,28,6081
Molly,Saunders,51,5963
Aquila,Mckinney,22,8573
Jerome,Dean,32,7476
Signe,Golden,47,1940
Madaline,Frost,43,4112
Hunter,Boyd,44,8205
Hector,Lowery,45,9340
Cassidy,Brennan,46,2140
Steel,Torres,55,3059
Cyrus,Franks,73,8762
George,Travis,23,4725
Basil,Huff,52,9669
Grace,Maddox,30,6572
Melinda,Welch,21,5471
Belle,Tucker,41,2639
Xanthus,Hopper,43,5161
Tate,Vasquez,36,4845
Patrick,Hawkins,49,3531
Dahlia,Wyatt,67,2972
Genevieve,Green,42,9108
Wylie,Tanner,58,6005
Merrill,Reyes,64,2657
Mufutau,Glover,38,6321
Tad,Smith,64,1136
Jaden,Barker,19,6262
Germane,Chambers,74,3677
MacKenzie,Chen,65,5164
TaShya,Weaver,21,2918
Lyle,Cotton,61,1334
Ignatius,Hurst,64,9896
Danielle,Stein,51,4795
Robin,Bird,31,8106
Forrest,Slater,59,9132
Raja,Banks,62,6825
Damon,Weber,35,9911
Candace,Francis,21,7968
Hadassah,Jacobs,18,4552
Austin,Olsen,63,1056
Xena,Hobbs,72,6942
Hammett,Green,63,6272
Ashton,George,51,9399
Tate,Richards,58,8329
Orson,Small,21,7967
Cecilia,Robles,20,1522
Jordan,Faulkner,42,6558
Ulysses,Welch,28,9326
Kristen,Giles,31,9664
Odette,Dunn,48,4114
Chastity,Rosales,31,3539
Deacon,Flowers,71,6283
Phoebe,Wilkinson,60,5001
Catherine,Bolton,24,7748
Kasimir,Bonner,21,3960
Shaeleigh,Mcconnell,63,5840
Herman,Cotton,50,7074
Illiana,Cote,61,5734
Cody,Cortez,25,6672
Sade,Kent,46,6004
Carolyn,Jordan,26,9929
Martina,Powell,58,8147
Rooney,Hensley,72,3862
Imogene,Hansen,27,7425
Cleo,James,28,1071
Kirk,Britt,26,8845
Macy,Bishop,69,8125
Moses,Wilkerson,19,1404
Ferdinand,Miles,53,5193
Camille,Carver,53,6835
Ferdinand,Bradley,61,4825
Chester,Prince,38,7335
Xenos,Kinney,56,4702
Tanek,Hill,71,1945
Mara,Nieves,44,8614
Blair,Gray,48,1259
Lara,Cherry,50,3168
Sacha,Gates,34,6102
Aileen,Gonzales,46,7592
Mari,Lancaster,25,7222
John,Maldonado,64,2731
Hammett,King,34,3788
Forrest,Washington,43,6913
Yasir,Hampton,34,4911
Lavinia,Ochoa,51,5181
Reed,Gibson,44,5330
Omar,Hinton,28,4990
Lenore,Taylor,40,5220
Emerson,Peck,42,2774
